GeneSymbol	log2FC	|log2FC|	AveExpr	t	P.Value	adj.P.Val	N-RO1	N-RO2	N-RO3	M-RO1	M-RO2	M-RO3
MYCN	7.199208	7.199208	7.486235	10.74034	7.17E-05	0.03052456284962	2.352083	2.380113	3.98005	238.818649	168.686417	634.229614
HIST1H2AJ	4.983673	4.983673	5.742175	6.018426	0.001346642	0.047217928210369	2.11903	4.298222	5.395951	108.091553	80.31694	40.74688
NCAN	4.486938	4.486938	5.210482	6.912536	0.0006832794	0.041219909883943	1.591089	2.72681	6.002923	50.785721	36.516113	50.96352
CTSC	4.13609	4.13609	4.65491	10.75144	7.13E-05	0.03052456284962	2.162069	1.656294	2.191866	31.580287	25.717921	31.08459
TOP2A	4.081506	4.081506	5.777967	7.046881	0.0006209233	0.041219909883943	1.465727	3.473528	4.590107	45.688545	42.171047	35.337082
RGS10	4.062461	4.062461	3.125132	7.155597	0.000575287	0.041219909883943	0.26256	0	0	11.381671	5.436365	26.883892
UBE2C	4.043822	4.043822	4.22738	7.279557	0.0005279488	0.041059778626136	0	1.485146	0.953559	19.722673	18.423412	14.411523
CENPF	4.006032	4.006032	5.738713	8.321482	0.0002684305	0.034427766424757	2.265493	2.988596	4.724257	38.898602	38.762581	47.371277
CPNE7	4.000768	4.000768	3.096726	8.017754	0.0003243654	0.035634832520778	0.672769	0.565486	0.250117	18.330388	11.505875	10.386228
NME2	3.904229	3.904229	8.737028	6.544491	0.0008952638	0.043678865818724	15.30912	16.906176	32.218327	213.261921	198.513865	256.660747
HIST1H3J	3.76273	3.76273	4.868146	5.867781	0.001521442	0.048581015875297	3.035277	3.458194	3.300857	48.288067	31.781601	19.677567
RPL22L1	3.752293	3.752293	5.348961	11.22151	5.70E-05	0.029855319884355	3.128753	3.786494	4.50859	33.552849	30.999699	55.080761
NDUFA4L2	3.723322	3.723322	4.590636	5.975493	0.001393967	0.047874753212158	3.662306	4.131419	1.144811	34.899448	14.845039	42.152122
CCNB2	3.588417	3.588417	4.095394	6.926283	0.000676574	0.041219909883943	0.376326	0.903566	1.652616	16.249104	15.85255	11.973781
TRIM67	3.46483	3.480549	12.14271	-7.674822	0.0004047157	0.036965606341849	995.424744	908.772644	1370.49353	240.793991	284.36911	166.865967
MPST	3.361968	3.46483	6.094288	8.869402	0.0001936298	0.033052105991676	5.992873	7.351185	13.588821	44.252647	40.077171	122.178009
PTTG1	3.34275	3.361968	3.786331	6.772098	0.0007564178	0.041781884731302	1.355643	2.76258	0	19.405163	12.262801	10.206762
TNNT2	3.310107	3.361742	11.23264	-6.469096	0.0009476523	0.043758617813313	392.755619	298.398094	429.131706	157.50614	142.972609	46.988298
MAD2L1	3.3082	3.34275	4.778409	15.02312	1.21E-05	0.027801762577787	1.919719	2.570639	1.323964	24.55811	17.432334	19.024082
BIRC5	3.28192335800105	3.310107	3.005194	7.351692	0.0005024987	0.040105208653364	0.932101	1.631989	0	8.291018	6.880987	27.418503
DLGAP5	3.208678	3.3082	4.85303	11.16475	5.85E-05	0.029855319884355	2.707145	2.542809	2.792379	24.972164	23.021471	21.991533
CDK1	3.176126	3.28192335800105	3.45801540764249	10.0510834255815	0.000101364146505	0.03052456284962	0.382539	0.820783	0.46677	10.644664	12.426094	7.000887
BCAT1	3.16042878173164	3.208678	3.465199	7.47209	0.000463142	0.038164624573372	0.33959	0.702257	1.310691	11.667444	9.362753	10.661627
HIST1H2BF	3.072115	3.176126	4.643149	9.021815	0.0001773748	0.032401842058624	1.681201	1.994634	2.41228	19.464016	19.45765	16.360405
EXOSC5	2.941023	3.16042878173164	5.11685711155206	6.08966343888375	0.001272169190374	0.046826518409913	2.948527	3.359448	4.634219	23.429135	16.555729	56.41001
CKS2	2.892838	3.072115	6.387234	5.808242	0.001597691	0.04969240732851	7.517044	9.910875	15.160882	68.213249	60.440727	46.306324
LTA4H	2.883073	2.941023	4.748392	6.757633	0.0007644569	0.041991671357329	4.553182	3.814618	0.689056	23.948881	18.186043	14.853889
EXO1	2.846082	2.892838	6.145912	5.788813	0.001623523	0.049913017713702	8.40331	8.291243	3.225104	52.196781	50.268982	20.056067
CCNB1	2.800874	2.883073	7.924799	11.58129	4.83E-05	0.029855319884355	22.302659	24.119338	12.239452	120.100453	81.098514	131.383678
SLFN11	2.791402	2.846082	3.156511	8.770245	0.0002051446	0.033052105991676	0.343784	0.921324	0.978058	7.916966	8.984146	7.801954
PUS7	2.784487	2.800874	4.941552	9.558912	0.0001315632	0.03052456284962	2.760873	3.61818	2.574636	23.484236	21.118711	14.385715
KIF20A	2.7641	2.791402	2.773567	6.477512	0.0009416309	0.043758617813313	0.795856	1.38781	0.434335	6.355198	12.031027	6.518586
AURKB	2.75023527599124	2.784487	5.014214	6.729489	0.0007803857	0.042275375525385	3.3557	2.877994	5.659906	20.858484	18.552252	31.435572
ASS1	2.74908641339503	2.7641	3.300365	6.813534	0.0007339285	0.041781884731302	0.545663	0.753345	1.490172	9.507637	7.120973	9.934074
CKS1B	2.718234	2.75023527599124	2.64610300287081	6.2026736282989	0.001163613917965	0.046163744142079	0	0	0.473375	7.162141	6.171163	2.802844
CDC20	2.706271	2.74908641339503	5.71181468765589	6.14743518546848	0.001215270511277	0.046227360126306	7.180323	5.295205	2.634367	21.639785	26.173337	50.085759
CDCA7	2.700805	2.718234	4.949243	22.64959	1.34E-06	0.021035299088355	3.409335	3.788147	1.743193	20.743337	17.368611	19.095281
MND1	2.675026	2.706271	3.569232	6.330447	0.001053602	0.045101065473333	0.5775	0.817982	1.39996	10.298223	9.958388	5.95891
PBK	2.652115	2.703553	9.071136	-5.889569	0.001494601	0.048306141183495	158.250162	141.151262	265.426907	48.605806	54.326138	27.061037
DEPDC1B	2.647499	2.700805	3.366552	6.619043	0.0008467467	0.042917388507217	0.651554	0.704643	1.745995	8.037391	7.77313	11.208574
ANLN	2.62310700347288	2.675026	2.518911	8.212774	0.0002870439	0.034977639226645	0	0.547804	0.557679	6.332334	6.080736	4.587703
MTAP	2.619043	2.652115	3.180065	8.122893	0.0003035828	0.035353385579446	0.396699	0.76346	0.914139	7.738177	8.243009	5.656134
KIAA0101	2.618229	2.647499	2.363819	8.534123	0.0002359539	0.034427766424757	0	0.46457	0	5.770076	5.686076	3.212183
CENPH	2.615459	2.62310700347288	3.3181928632606	5.89953746641014	0.001482504087264	0.048283201187385	0.562789	0.828777	1.857962	7.525728	7.73199	11.460511
SPC24	2.613521	2.619043	3.508279	7.335696	0.0005080163	0.040105208653364	1.398786	1.822918	2.896215	10.331689	9.283981	18.641376
DTL	2.611962	2.618229	3.264096	6.651388	0.0008266546	0.042917388507217	0.295382	1.091935	0.949775	7.220048	9.200271	6.149374
FBL	2.583702	2.615459	4.969654	6.147712	0.001215005	0.046227360126306	2.858388	2.97071	4.808746	16.593441	17.996515	27.870514
PHGDH	2.580008	2.613521	2.16602	7.186612	0.0005629933	0.041219909883943	0.128993	0	0	4.68228	6.22767	2.605867
TMEM97	2.579227	2.611962	3.414066	6.137962	0.001224395	0.046238574956526	0.386825	1.618449	1.324919	7.98134	10.402525	7.393407
KIF11	2.577144	2.583702	7.176724	6.744412	0.0007718917	0.042105618680031	9.508952	12.359709	10.130439	63.863949	36.508507	68.215675
BUB1	2.57262460416933	2.580008	4.917963	7.952977	0.0003379986	0.035882652922063	3.499071	4.0166	1.704123	25.861498	13.499331	15.035118
NDC80	2.56446	2.579227	6.130398	8.74433	0.0002082851	0.033052105991676	6.306679	6.673409	7.796993	31.927498	29.50226	43.981171
MYBL2	2.562994	2.577144	4.001141	7.356368	0.0005008989	0.040105208653364	1.321714	1.634663	2.294254	10.758163	12.387971	11.822462
KIF15	2.533251	2.57262460416933	3.17324453015191	8.62637153359378	0.000223311982208	0.033732992697027	0.617039	0.719538	1.114027	7.572755	7.425352	7.23868
PSAT1	2.522852	2.56446	2.953891	9.696086	0.0001221936	0.03052456284962	0.327869	0.696245	0.620993	7.092651	5.318693	6.615749
KCNQ2	2.520057	2.562994	3.042992	6.773474	0.0007556582	0.041781884731302	0.386482	0.806409	0.286868	6.779045	8.918362	3.245134
BUB1B	2.51052478141762	2.533251	2.85937	7.240136	0.0005424917	0.041219909883943	0.299637	0.55353	1.088966	6.915874	6.553707	5.296811
LAMB1	2.501025	2.522852	5.763437	10.41799	8.41E-05	0.03052456284962	4.803828	6.328101	5.703454	27.231017	24.537504	33.192256
AFMID	2.48833787471726	2.520057	3.707703	7.984303	0.0003313236	0.035852181965301	1.315582	1.388803	1.854799	9.603519	8.427769	13.356524
NEK2	2.485406	2.51052478141762	3.68653309982311	9.21478905039194	0.000159034963149	0.031348372555249	1.588672	0.929217	1.358062	9.857083	9.186142	9.179092
REC8	2.478901	2.501025	6.19102	9.203055	0.0001600845	0.031348372555249	10.737277	6.000391	6.249899	40.654652	31.743809	33.999851
DEPDC1	2.472404	2.48833787471726	4.22478105590876	10.5277544268497	7.96E-05	0.03052456284962	2.430401	3.325932	1.580519	15.421251	10.832875	14.961791
EEF1B2	2.469612	2.485406	3.343993	8.475053	0.0002444899	0.034427766424757	0.983043	0.81355	1.058827	7.448991	6.78861	9.963905
CHEK2	2.467994	2.478901	4.938839	7.750333	0.0003851892	0.036252897497301	4.345971	3.374361	2.496626	24.521658	16.213095	12.947631
CDC25B	2.459448	2.472404	2.226978	9.652239	0.0001251007	0.03052456284962	0.045282	0.154925	0.302547	4.435649	3.757456	5.70787
KIF23	2.45814	2.469612	10.72383	19.87992	2.70E-06	0.021246581288872	82.77549	81.153938	44.579346	496.942715	405.80769	451.197277
CENPE	2.452704	2.467994	3.017813	11.86091	4.26E-05	0.029855319884355	0.840335	0.815294	0.89518	6.886922	6.083347	8.3814
CCNB1IP1	2.440655	2.459448	4.884424	17.84344	4.84E-06	0.02168750281942	4.548417	4.738072	2.3447	17.72508	19.413443	21.423691
EIF4EBP1	2.405499	2.45814	3.478079	7.472714	0.0004629475	0.038164624573372	1.104803	0.879422	1.46945	7.808829	9.176885	8.273752
KIF2C	2.402425	2.452704	2.993903	6.242807	0.00112768	0.046163744142079	0.559683	0.515134	1.573034	6.461004	6.103347	8.614452
SHMT2	2.397178	2.441383	6.332422	-13.88395	1.85E-05	0.027801762577787	40.111752	32.799198	52.101822	10.23054	11.694449	8.224513
PRC1	2.391972	2.440655	6.876125	8.63558	0.0002220942	0.033732992697027	13.003817	16.721752	8.362473	62.028156	39.733044	63.233162
LY6E	2.388704	2.405499	5.718042	6.252254	0.00111941	0.046163744142079	7.931902	8.19409	2.096861	33.301502	26.098438	19.90353
RCC1	2.362728	2.402425	2.958814	12.92206	2.71E-05	0.028345386098177	0.699677	0.757264	0.490202	7.271196	6.187655	4.542206
ARHGAP11A	2.35392540140511	2.397178	6.7302	6.182819	0.001181882	0.046163744142079	13.686723	16.06215	3.991128	52.624442	42.076774	41.873258
HPDL	2.345045	2.391972	5.118249	6.051381	0.001311579	0.046906940748879	3.002527	3.73252	5.763268	20.609316	18.622508	18.762431
MELK	2.336638	2.388704	3.517835	8.400961	0.0002557135	0.034427766424757	1.738462	2.274416	0.512536	11.0138	8.702458	6.695104
RPL13	2.336286	2.362728	4.397068	6.98334	0.0006495496	0.041219909883943	2.92606	1.888618	2.780398	12.051058	13.761555	15.710799
CDCA7L	2.314318	2.360542	4.621938	-6.686763	0.0008053123	0.042886292478537	16.61214	13.314676	25.607488	4.977713	5.355523	1.86596
CHEK1	2.301884	2.35392540140511	3.29542452890211	6.52420635685833	0.000909019527852	0.043758617813313	0.892401	0.957808	1.74505	7.253913	6.506765	10.754723
ARHGAP11B	2.2985878891597	2.345045	2.633902	5.806308	0.00160024	0.04969240732851	0.867138	0.797137	1.32157	8.469674	4.721077	6.435799
UCK2	2.289554	2.336638	2.922521	6.333666	0.00105099	0.045101065473333	0.247915	0.773941	0.965621	5.441637	5.650771	6.804484
RPL37	2.288769	2.336286	8.93188	8.076428	0.0003125691	0.035353385579446	40.735532	42.197885	16.381338	180.111561	126.229794	127.805752
ADCK3	2.27798464350816	2.314318	5.967052	9.344632	0.0001479441	0.030989359602749	7.418748	8.569537	10.276762	27.869501	33.146228	44.29698
KIAA0922	2.240124	2.301884	3.475078	6.880241	0.0006993401	0.041688862998839	0.931586	1.69736	1.808065	7.703657	9.620126	8.332817
GLTSCR2	2.234475	2.2985878891597	2.2769072540279	8.39021694387056	0.00025739061771	0.034427766424757	0.154319	0.83106	0	3.494854	4.720323	5.769034
PPIF	2.231574	2.289554	5.071916	9.535656	0.0001332341	0.03052456284962	3.857208	4.349117	4.192433	21.754974	15.191621	19.456543
ABRACL	2.22843791111571	2.288769	10.13718	6.794792	0.0007440029	0.041781884731302	78.781136	84.965767	35.698517	451.660645	315.645416	198.056473
TAF4B	2.21207	2.27798464350816	5.05401812170799	10.2129388189078	9.33E-05	0.03052456284962	5.743624	4.326337	2.995466	23.27397	16.418406	17.874756
ALDH1B1	2.20645478856416	2.273907	4.552215	-6.83123	0.0007245623	0.041781884731302	14.765422	12.16493	37.889202	4.045308	5.474641	3.720604
CYFIP1	2.198266	2.240124	3.076388	7.076854	0.0006079323	0.041219909883943	0.988519	1.454628	1.772271	7.216684	5.607613	11.840046
EEF1A2	2.193008	2.234475	7.469392	9.52419	0.0001340671	0.03052456284962	17.328465	15.450968	13.444385	68.816193	46.087795	73.380814
RPS3	2.161404	2.231574	4.2756	10.36785	8.62E-05	0.03052456284962	3.357524	3.913874	1.357737	13.900478	12.983046	12.008627
POLR1E	2.141727	2.22843791111571	3.80471804082167	6.96256808805336	0.000659239474714	0.041219909883943	3.75059	4.045424	1.198818	11.028467	14.310255	11.591572
FAM60A	2.140517	2.21207	2.981218	5.935402	0.00143991	0.048129771136745	0.916505	0.970538	1.31849	6.907816	4.096574	10.513473
TBC1D4	2.140321	2.20645478856416	3.94438587414114	6.97168425658246	0.000654966214947	0.041219909883943	2.120606	2.157648	2.705188	10.652059	8.617428	16.480017
HJURP	2.137517	2.198266	5.336719	13.3241	2.30E-05	0.027801762577787	6.948829	8.298041	6.054592	26.003105	23.641831	29.582353
MCM7	2.125599	2.197472	3.330716	-17.40765	5.52E-06	0.02168750281942	9.361508	8.99874	16.320347	2.07588	2.231195	3.309158
DPH5	2.116881	2.193008	6.836855	8.424818	0.0002520349	0.034427766424757	14.166057	9.913184	9.244828	40.344341	35.183353	59.216797
PYCR1	2.108045	2.169435	6.462301	-5.887227	0.00149746	0.048306141183495	32.99614	31.106207	93.134005	11.840664	13.432317	13.769985
KIF14	2.079574	2.161404	10.73117	7.664373	0.000407508	0.037005494678871	78.234693	84.690972	60.6479	486.071792	306.396456	465.518166
ALDH18A1	2.06347434016553	2.141727	5.666274	8.031767	0.0003215015	0.035634832520778	7.486096	8.736847	4.784289	31.2573	23.897116	22.777264
IER3	2.05847	2.140517	6.818818	13.42741	2.21E-05	0.027801762577787	13.104158	12.318753	12.128218	49.340911	39.734485	49.336331
FANCD2	2.047594	2.140321	2.52375	6.672063	0.0008141022	0.042917388507217	0.432605	0.426898	0.788049	4.346065	3.646867	7.073167
IMPDH2	2.045309	2.137517	2.458749	11.01834	6.27E-05	0.029855319884355	0.33532	0.522255	0.533977	4.426666	4.654455	4.304896
RAC3	2.043574	2.125599	6.519134	6.05708	0.001305623	0.046906940748879	8.452879	11.288353	8.027312	44.015322	44.227102	20.893095
SNRPA	2.043265	2.116881	5.651405	6.056817	0.001305897	0.046906940748879	6.673989	6.705282	8.983354	26.157142	18.486993	42.138233
SKP2	2.040854	2.108045	4.74105	6.178161	0.001186216	0.046163744142079	4.38991	5.774633	1.479307	19.46946	15.264463	11.024628
NFIB	2.036351	2.079574	2.402704	6.125748	0.001236276	0.046492575808174	0.171073	0.309984	0.965947	4.365699	3.846889	4.77109
NEIL3	2.035958	2.068058	4.444232	-6.140194	0.001222238	0.046238574956526	15.149263	11.260771	28.990477	4.811259	5.705425	2.747429
ALKBH2	2.03206081971059	2.06347434016553	6.55973424681356	7.46933850840947	0.000464000209644	0.038164624573372	12.958182	15.281479	7.301675	50.749092	37.190857	34.534386
CEP55	2.005561	2.05847	3.806059	6.014263	0.001351149	0.047217928210369	2.815704	3.955568	2.391897	10.789231	7.451811	22.380802
GGH	2.003273	2.047594	3.628289	11.71828	4.54E-05	0.029855319884355	2.157993	1.877207	1.709528	9.221218	9.179428	7.655086
FAM89A	1.977743	2.045309	9.026186	7.868406	0.0003568203	0.036136515075844	45.300919	58.280067	26.050159	162.925491	133.93866	171.17775
NSMF	1.955364	2.043574	4.391556	5.915356	0.00146354	0.048270790718077	4.107648	4.75548	1.337397	16.009199	14.220821	8.894847
IQGAP3	1.947733	2.043265	5.5623	12.44745	3.30E-05	0.029855319884355	6.372621	7.867003	4.175312	24.181803	21.653564	22.953495
ESCO2	1.947133	2.040854	5.501521	9.690338	0.0001225702	0.03052456284962	5.677372	7.67956	6.783995	23.91692	21.411359	27.286425
RPL23A	1.942097	2.036351	6.696214	6.322603	0.001059997	0.045195671162748	10.491028	17.125828	11.404048	38.553488	35.130001	65.943017
RPS23	1.936491	2.035958	2.028835	9.145706	0.0001653325	0.031348372555249	0.093973	0.181457	0.525265	3.57624	3.4091	3.714597
RPL34	1.934865	2.03206081971059	4.85182310007391	11.6799526762784	4.62E-05	0.029855319884355	5.329605	6.074142	3.214351	19.220483	15.517387	19.153838
SAMD13	1.934129	2.024299	6.882677	-7.878857	0.0003544292	0.036136515075844	47.867455	33.287838	82.861679	14.081912	17.727892	15.280986
IVNS1ABP	1.931582	2.022263	6.262279	-9.628955	0.0001266774	0.03052456284962	38.767487	30.830928	65.37923	13.457272	12.553641	10.516106
RPS21	1.930367	2.005561	2.498688	6.095628	0.001266154	0.046803004933415	0.341976	0.436765	0.672673	3.601789	4.463542	5.050874
MCM10	1.924287	2.003273	4.077127	6.999637	0.0006420634	0.041219909883943	2.429796	3.378195	1.825929	9.48435	9.335197	16.588253
CGREF1	1.916007	1.99868	2.562925	-7.206594	0.0005552356	0.041219909883943	7.194791	4.84781	5.704035	1.32882	1.481384	0.696075
EDNRB	1.911849	1.977743	6.962857	6.238982	0.001131049	0.046163744142079	18.686468	16.195353	15.83846	58.438187	51.271	43.326786
EPCAM	1.904393	1.955364	4.821619	9.981828	0.0001050779	0.03052456284962	4.967725	5.924732	3.611856	18.846843	13.836026	19.459632
HSD11B2	1.899758	1.948584	5.904515	-8.959951	0.0001837719	0.032807455996155	26.473963	23.220103	54.413364	10.498072	10.367461	7.902643
TRIP13	1.898018	1.947733	2.212057	8.665427	0.0002182001	0.033732992697027	0.170664	0.510396	0.283459	4.277381	3.707293	2.637045
CAD	1.88651890711786	1.947133	2.476146	6.633144	0.0008379183	0.042917388507217	0.451299	0.712031	0.854378	4.684592	5.372267	3.156156
KCNH8	1.883336	1.943597	3.453383	-6.877816	0.000700564	0.041688862998839	9.450405	7.291581	12.59078	2.652414	3.503386	1.630261
TFAP4	1.879035	1.942097	11.14319	8.774906	0.0002045856	0.033052105991676	142.87822	156.55957	46.686913	599.057861	490.065796	480.167877
FAM83D	1.857362	1.936491	10.09051	8.777664	0.0002042558	0.033052105991676	67.933205	71.336052	55.573845	283.16449	209.231857	325.737091
BRCA2	1.85212342271743	1.934865	10.80428	10.0681	0.0001004755	0.03052456284962	98.624572	97.817734	62.414822	438.684426	354.234955	464.758301
ATP11C	1.84854493741851	1.934129	2.280457	6.735439	0.0007769858	0.042236842531394	0.979236	0.782044	0.595353	5.538977	3.398814	4.863291
SDCCAG3	1.837425	1.932874	4.480628	-8.063863	0.0003150524	0.035353385579446	13.005434	11.034194	24.163002	4.68702	5.414766	3.260502
FAM196A	1.835673	1.931582	8.139088	6.447182	0.0009635426	0.043758617813313	23.6238	26.497303	34.088623	102.424446	95.581123	73.531349
EIF3L	1.832658	1.930367	10.55793	8.791237	0.0002026412	0.033052105991676	86.437576	91.235222	55.471306	442.801758	241.312195	398.901886
TRAP1	1.829045	1.924287	2.336421	6.769276	0.0007579782	0.041781884731302	0.133295	0.6602	0.504278	3.880789	4.583502	2.858906
CHRNA1	1.819468	1.916007	2.915154	6.65685	0.0008233163	0.042917388507217	1.962882	0.866124	1.74601	6.659007	5.624994	6.510517
EEF1D	1.817036	1.911849	3.898249	5.928118	0.001448445	0.04822493362132	2.309273	5.464447	3.03122	9.151673	12.058095	17.104551
HRK	1.814515	1.906748	3.652219	-6.290173	0.001086918	0.045413516087335	9.364628	8.531693	20.448624	3.972477	2.820274	2.689461
TCF4	1.81425	1.904393	2.800481	6.115485	0.001246364	0.046555802059584	2.020357	0.778123	2.433799	5.053726	5.710492	10.117188
NME4	1.811326	1.899758	2.243489	10.29862	8.93E-05	0.03052456284962	0.3372	0.820216	0.397907	4.228162	3.439614	4.186581
TTF2	1.809774	1.899473	5.982988	-10.66448	7.44E-05	0.03052456284962	38.978653	33.424745	51.319349	12.646085	12.962804	11.244035
C17orf96	1.80282554005537	1.898018	3.160048	6.175411	0.001188783	0.046163744142079	1.309669	1.069028	1.576652	7.120451	7.142804	4.295551
HN1	1.801385	1.88651890711786	4.83274647032698	7.77971224734314	0.000377891089519	0.036252897497301	4.371829	5.088845	2.811662	18.485638	11.310371	15.868494
DHCR24	1.792426	1.883336	2.675487	13.12976	2.49E-05	0.027908658504466	1.145947	1.265535	1.088088	5.24115	5.324811	5.552603
RCOR2	1.790191	1.879035	3.338505	6.720814	0.0007853728	0.042286772186282	1.118353	1.817114	1.708317	7.370806	5.471239	8.112851
RPL10	1.790055	1.869959	3.574713	-8.129641	0.0003023031	0.035353385579446	7.072963	5.567343	12.075889	2.522343	2.793244	1.627201
CDCA2	1.789431	1.857362	1.971704	11.21401	5.72E-05	0.029855319884355	0.192348	0.149955	0.239948	3.275313	2.926541	2.909071
UNG	1.783782	1.85212342271743	2.12882462572634	7.9090222247892	0.000347632039509	0.036003490258085	0.247908	0.313898	0.727917	3.412649	3.336287	4.145716
EIF3C	1.772774	1.84854493741851	5.05458182173427	9.64779333070767	0.000125399960842	0.03052456284962	8.398521	7.086424	7.342582	20.591981	18.050226	31.348166
CDC45	1.759399	1.837425	4.985672	9.464748	0.0001384847	0.030682826114677	5.625746	5.372867	4.901834	19.033136	14.013896	20.492695
PTRHD1	1.741163	1.835673	2.849071	6.484738	0.0009364964	0.043758617813313	0.995069	1.356979	2.161532	6.28869	4.791312	6.647366
TGIF2	1.736646	1.834596	5.001838	-15.6072	9.91E-06	0.027801762577787	17.341074	16.468736	23.561038	6.508231	5.611118	6.167868
KLHL13	1.703172	1.832658	9.77952	13.55742	2.10E-05	0.027801762577787	63.825588	62.469967	45.411728	221.814072	186.611816	210.991196
GLDC	1.700889	1.829045	7.561079	7.80151	0.0003725807	0.036252897497301	22.893579	23.581347	13.411796	64.494536	49.382481	74.085174
GNL3	1.689252	1.823604	2.805155	-6.063027	0.001299442	0.046906940748879	6.851411	5.780603	7.854229	1.965739	2.494228	0.841015
C12orf66	1.6879146620717	1.82334	11.2707	-6.16585	0.001197759	0.046163744142079	279.971771	247.297058	248.440063	216.466949	184.794189	103.020493
RPL32	1.655324	1.819468	1.833593	5.803067	0.001604525	0.04969240732851	0.183349	0.183553	0.58701	2.354696	2.522379	5.741285
POLR2H	1.654465	1.817036	8.420281	10.71888	7.25E-05	0.03052456284962	40.001884	37.674203	21.626639	108.336589	97.920655	96.906447
C8orf88	1.65296268610657	1.815608	3.996295	-7.800468	0.0003728325	0.036252897497301	11.151395	9.790917	10.280031	3.420893	3.117839	4.189526
PLEKHG3	1.651943	1.814515	2.596154	8.34395	0.0002647617	0.034427766424757	1.137744	1.203628	1.615885	5.272976	4.098697	7.482119
GPX7	1.649609	1.81425	7.578725	7.795725	0.0003739815	0.036252897497301	24.762335	27.908202	28.101217	82.903244	71.482974	68.318832
EPHB4	1.648398	1.811326	6.193491	9.168556	0.0001632176	0.031348372555249	9.328183	13.192339	6.931535	32.353382	27.800176	29.507742
MAP7D3	1.648181	1.809774	3.810862	6.522992	0.0009098511	0.043758617813313	2.600386	2.090802	3.146043	10.189754	8.116048	9.839344
C10orf2	1.63900070191766	1.80282554005537	2.33096988317697	11.2660000528001	5.58E-05	0.029855319884355	0.442732	0.756574	0.486462	3.86743	3.537815	4.21911
RPP40	1.635688	1.801385	7.281754	7.617006	0.0004204517	0.037318058282699	18.250556	21.851789	12.077009	62.459273	57.36251	37.505021
DCAF4	1.635417	1.792426	3.80053	6.929833	0.0006748544	0.041219909883943	3.361003	2.153381	0.611038	8.815344	8.311352	6.437401
EIF3B	1.628258	1.790191	5.82613	6.584919	0.000868564	0.043154441228666	7.082205	9.215919	7.157168	31.108105	19.921	22.083702
SFXN4	1.626354	1.790055	10.2929	9.276037	0.000153686	0.031348372555249	76.733643	82.643483	32.926805	303.444016	229.134673	195.393671
DSCC1	1.622542	1.789431	2.378151	9.749039	0.0001187879	0.03052456284962	0.547331	0.500687	0.711939	3.824333	3.820781	3.997264
BTG2	1.62002737195292	1.784019	4.229604	-8.244744	0.0002814172	0.034977639226645	13.654179	9.460332	18.711632	4.828445	4.479596	3.255599
G3BP1	1.61688	1.783782	5.529211	6.083212	0.001278713	0.046826518409913	6.757311	8.238814	3.357468	23.418082	22.190621	13.48652
NCAPD2	1.61651	1.776433	10.49909	-7.643922	0.0004130385	0.037292155090812	208.710875	221.903763	208.395685	135.77467	103.025792	97.728473
RSL1D1	1.616454	1.772774	8.54034	5.798923	0.001610021	0.04969240732851	28.666587	32.41398	40.122153	116.289041	86.294916	109.535813
CDKN2C	1.616411	1.771451	12.87433	-7.905817	0.0003483469	0.036003490258085	534.228699	441.59018	336.685615	467.892795	379.377287	464.123472
BRIP1	1.61425845923755	1.759399	2.268673	5.884056	0.001501341	0.048316838909178	0.279367	0.42234	0.389033	3.987186	4.18569	1.763099
PTDSS1	1.612328	1.741163	4.753308	6.20951	0.0011574	0.046163744142079	6.084889	5.206286	2.727571	18.175692	10.901393	16.683187
TFDP2	1.605452	1.736646	4.377314	5.948329	0.001424907	0.048037099724981	3.038283	4.609314	4.909132	13.533733	10.678202	15.084251
TICRR	1.605376	1.724821	3.302835	-7.25303	0.0005376841	0.041219909883943	10.683904	6.752094	8.554095	2.66671	2.473977	3.073566
BID	1.59382146576022	1.721271	2.634547	-7.342813	0.0005055526	0.040105208653364	5.007687	5.288524	5.496436	1.84917	1.614205	0.754353
DKC1	1.590533	1.706609	5.412519	-9.566709	0.0001310085	0.03052456284962	25.277143	22.822487	30.318851	9.494298	9.841019	7.316373
RPL14	1.587167	1.703172	3.982508	5.978866	0.00139018	0.047874753212158	3.572116	4.212035	4.233437	11.507865	13.258529	9.86287
VAT1	1.581453	1.700889	4.783196	5.915837	0.001462968	0.048270790718077	5.092517	6.609437	3.09512	16.454584	16.582405	11.14333
SORD	1.576536	1.692487	5.930183	-8.324723	0.0002678975	0.034427766424757	27.058365	23.026985	52.309059	11.313947	11.221261	11.110845
TXNRD3	1.564293	1.689252	8.03125	6.609387	0.0008528548	0.042917388507217	27.416258	25.543448	27.532349	71.450142	65.284508	95.702624
EIF4B	1.542515	1.6879146620717	2.51435441854436	9.35036863127928	0.000147475441062	0.030989359602749	1.047062	1.367397	0.868804	4.448677	3.714451	6.443403
EIF3D	1.532906	1.684893	2.570139	-9.766988	0.0001176588	0.03052456284962	5.115106	4.219215	7.046406	1.640041	1.547834	1.101298
INSIG1	1.532827	1.66245211594016	3.37182761715256	-6.59395996061972	0.000862720408912	0.043049321852254	8.220371	5.710913	5.271179	2.22933	2.728239	1.800751
TMCC3	1.523189	1.655324	10.76543	8.456149	0.0002472977	0.034427766424757	107.206585	115.786821	71.266776	445.593665	319.071868	421.069969
PRMT3	1.522482	1.654465	5.625016	6.593248	0.0008631786	0.043049321852254	10.397093	9.189307	5.139236	26.502315	19.839142	21.854169
GUCY1A3	1.516347	1.65296268610657	2.32342557394236	6.20043398064303	0.001165658076882	0.046163744142079	0.962379	1.527767	0.785492	4.687452	3.079997	6.354951
SLC1A5	1.508711	1.651943	2.655464	6.456475	0.0009567668	0.043758617813313	1.69778	2.054998	0.642681	5.781398	4.782849	5.373192
RCCD1	1.506806	1.649609	3.294996	7.19095	0.0005612984	0.041219909883943	3.001088	2.697068	2.439594	7.742452	5.912418	11.480684
EIF3M	1.50669	1.648398	2.6856	11.24701	5.63E-05	0.029855319884355	1.364038	1.640125	0.664233	5.054131	4.494977	5.332606
SMC2	1.49642	1.648181	2.706245	7.766055	0.0003812635	0.036252897497301	0.993236	1.285475	1.447804	4.432804	4.407954	6.576723
HN1L	1.495254	1.63900070191766	3.55576491465814	8.44577936230851	0.000248853921423	0.034427766424757	2.330035	2.016128	1.971238	7.185915	6.413116	9.36939
GEMIN5	1.493562	1.635688	3.004636	7.560923	0.0004364036	0.038088332502044	1.335153	1.763324	1.350692	5.882235	4.396167	7.101368
TXN	1.489934	1.635417	3.332314	6.528374	0.0009061736	0.043758617813313	2.228584	1.627291	2.046383	6.662575	5.378404	9.518652
PTBP1	1.488456	1.633644	6.223932	-8.633747	0.000222336	0.033732992697027	36.374616	29.246857	43.586961	14.730519	14.615734	10.928627
MRPS27	1.487239	1.628258	7.160388	10.40981	8.44E-05	0.03052456284962	20.171642	20.166411	12.494473	46.427186	47.745699	50.832579
SIAH2	1.486832	1.626354	5.053281	8.117316	0.0003046453	0.035353385579446	5.901616	5.92568	5.420791	19.527956	14.888139	14.880742
PTGFRN	1.486155	1.622542	2.409159	6.221682	0.001146431	0.046163744142079	0.801211	1.153991	1.356078	3.947291	3.470287	6.906755
SUCLG2	1.477026	1.62002737195292	6.79025307143206	8.87122048853064	0.000193425830484	0.033052105991676	14.357801	16.36903	14.103336	35.169872	37.041279	50.529938
TNFRSF10B	1.474697	1.61688	7.251092	8.993773	0.0001802416	0.032547070287052	21.294924	22.373918	18.515158	55.381485	60.180637	46.606638
FAM163A	1.474025	1.61651	5.401661	6.976837	0.0006525653	0.041219909883943	6.236492	6.788619	6.205835	23.454308	15.491871	16.804205
PUS1	1.468221	1.616454	7.167124	9.115391	0.0001681881	0.031455180399001	18.158611	17.249884	19.069046	46.106956	43.309113	58.159157
SHCBP1	1.468207	1.616411	3.35619	7.08135	0.000606011	0.041219909883943	1.58745	2.343749	0.83815	6.730287	5.068065	6.326185
KNTC1	1.457939	1.61425845923755	2.3782849890593	6.90941641112451	0.000684811997435	0.041219909883943	0.430915	0.490651	0.799708	3.521939	3.319553	3.544994
FLRT3	1.456962	1.612328	6.065775	13.43313	2.20E-05	0.027801762577787	11.778399	11.946344	8.453007	29.459078	25.777771	30.587311
HADHA	1.45535	1.610577	5.894996	-6.293414	0.001084193	0.045413516087335	22.573716	21.969064	47.698256	11.421199	9.334517	12.644354
KIF4A	1.455169	1.607556	6.31942	-8.25419	0.0002797796	0.034977639226645	29.986389	27.726871	43.378318	14.737692	14.221994	9.480763
HMGB2	1.440475	1.605452	5.184775	7.051776	0.0006187797	0.041219909883943	5.72728	7.039399	8.215264	18.946217	17.023723	20.171708
NSA2	1.436679	1.605376	1.881775	6.719764	0.0007859795	0.042286772186282	0.130828	0.236924	0.426867	2.648232	2.134446	3.470118
ODC1	1.431977	1.59382146576022	4.85937329798252	6.61811830181318	0.000847329557362	0.042917388507217	5.74459	6.488193	3.90822	16.612443	17.169524	11.450671
ADCY3	1.42771608199394	1.590533	6.222533	9.43679	0.0001406215	0.030682826114677	10.370756	9.65078	11.290039	27.478556	27.229178	29.072029
DDIAS	1.425929	1.587167	11.19914	14.31216	1.57E-05	0.027801762577787	149.306999	148.16214	71.539186	544.839172	463.495941	454.70669
WDR3	1.412582	1.581453	4.755733	5.894477	0.001488631	0.048283201187385	6.349321	7.090943	3.092722	13.319091	13.155446	23.501003
RCL1	1.409579	1.576536	4.992563	6.647901	0.0008287933	0.042917388507217	6.953396	7.42451	3.328603	17.271109	14.589667	17.232522
NDC1	1.389346	1.57028682335979	8.74184731549729	-7.28044420636832	0.000527626608555	0.041059778626136	104.921298	103.234396	103.747342	55.069342	54.934362	33.902557
IPO4	1.378602	1.564293	3.849992	6.314152	0.001066937	0.045195671162748	3.203904	3.072121	3.304172	10.977151	7.975621	8.697868
ADA	1.36964045497734	1.556438	5.715149	-6.190145	0.001175102	0.046163744142079	23.36904	20.441583	41.62776	8.793429	12.065687	11.024093
SMKR1	1.368318	1.550176	10.43382	-6.188014	0.00117707	0.046163744142079	205.288674	200.937553	186.101528	115.645481	133.655166	96.035013
MAP6D1	1.360072	1.545532	3.295688	-7.585517	0.0004293226	0.037802801214097	6.404423	5.806003	8.324299	3.265597	2.413913	1.636926
HDDC2	1.357461	1.542515	10.0359	6.442806	0.0009667528	0.043758617813313	73.368601	73.370474	57.86924	231.177273	182.267139	281.040206
ID2	1.353934	1.532906	8.509461	8.102769	0.0003074371	0.035353385579446	40.821083	40.858227	27.561409	99.383331	83.600685	109.734131
TOMM34	1.353306	1.532827	5.129818	6.143899	0.001218667	0.046238574956526	5.52274	6.652379	4.613147	13.891419	14.515933	21.691536
CBX2	1.35039	1.527854	9.238087	-6.958431	0.0006611895	0.041219909883943	164.95871	181.940651	114.951655	76.020079	69.716842	56.569705
MCM4	1.345963	1.523189	1.783727	7.486843	0.0004585716	0.038164624573372	0.246827	0.736028	0.600981	3.096181	2.461122	3.661256
PTK7	1.343094	1.522482	4.646503	7.997374	0.000328584	0.03584759761294	5.635988	4.647652	4.586669	13.420958	11.356929	17.866194
ARHGEF2	1.34137010414091	1.516347	4.02716	6.915293	0.0006819286	0.041219909883943	4.210833	4.106474	5.275436	11.159614	9.485099	14.91648
SKA1	1.339599	1.509949	4.169016	-6.353674	0.001034928	0.04475357975564	12.013319	10.534326	11.006086	4.018852	5.657774	3.847117
TNFRSF13C	1.334286	1.508711	3.780791	8.3151	0.0002694834	0.034427766424757	2.872652	2.756769	1.142872	8.664317	6.506471	6.774139
AGRN	1.33067885471145	1.506806	2.952606	5.990428	0.001377289	0.047659052031271	1.720076	1.793973	1.055143	6.18553	3.754469	6.351944
KLF13	1.327952	1.50669	8.606114	6.468358	0.0009481825	0.043758617813313	41.05499	36.731729	37.946838	101.152533	84.961093	122.352823
TROAP	1.318466	1.504982	4.851038	-10.25367	9.14E-05	0.03052456284962	15.95937	14.990534	19.522814	6.438304	7.343871	5.707853
UBXN8	1.317655	1.50048	6.90701	-6.926644	0.000676399	0.041219909883943	44.216128	40.083446	73.502493	17.409827	17.758957	30.662757
PNMA3	1.29698	1.497439	4.641107	-6.272701	0.001101752	0.045911198224477	15.61639	14.824879	13.097037	7.509844	4.959723	5.137133
ITGB3BP	1.291453	1.49642	4.537486	6.09945	0.001262317	0.046771210127174	3.97595	3.963795	5.207403	11.560383	11.971492	13.013123
UTP20	1.286987	1.496381	4.787044	-5.914397	0.001464682	0.048270790718077	15.483174	12.337476	27.335243	7.855665	5.983843	5.390634
RPL10A	1.286885	1.495892	2.471441	-8.18047	0.0002928638	0.03512129538938	3.679275	2.853883	4.480707	1.315977	1.405883	0.5866
PDIA4	1.280401	1.495254	4.865369	6.581508	0.0008707803	0.043154441228666	5.455863	5.588757	5.978575	13.190333	14.739655	19.29933
PLCE1	1.271048	1.495107	7.8518	-6.928729	0.0006753885	0.041219909883943	62.22422	67.488571	84.969139	30.741648	37.345367	27.944994
RPS10	1.269196	1.493562	5.247251	7.62341	0.0004186741	0.037318058282699	6.897032	6.50259	7.468346	17.26328	15.666667	22.936892
MYBBP1A	1.254545	1.489934	8.087246	6.561163	0.0008841388	0.043405687094627	30.513988	35.27013	22.092201	73.114044	64.166939	90.251473
E2F2	1.249785	1.488456	6.595786	7.54365	0.0004414583	0.038164624573372	13.262445	12.734661	11.558989	31.303556	27.932774	39.172352
AGPAT5	1.23451360012125	1.487239	6.486462	6.486111	0.0009355239	0.043758617813313	16.310598	16.354131	9.245891	36.47795	34.24791	29.949224
KPNA2	1.233532	1.486832	3.5851	5.840656	0.001555645	0.049572367011755	3.066733	3.727878	3.143544	8.882934	6.245869	13.13341
RPUSD4	1.214378	1.486155	3.939423	10.1112	9.83E-05	0.03052456284962	3.509395	3.766921	2.813553	9.592314	8.033522	11.754478
SNX5	1.213864	1.477026	4.659261	8.211825	0.000287213	0.034977639226645	5.96449	5.47616	4.468561	13.082493	11.584633	19.827367
RABGGTB	1.208675	1.474697	5.22456	5.830186	0.001569083	0.04969240732851	7.568275	6.061773	5.127742	17.692779	12.421141	23.015133
EME1	1.207971	1.474025	1.80267	6.153277	0.001209683	0.046227360126306	0.789534	0.538276	0.438065	3.252229	3.039535	2.615064
KDM1A	1.20314	1.47390268022114	3.10311979040809	-6.66758839411511	0.000816799747186	0.042917388507217	6.265525	3.986649	7.881066	2.207256	2.485784	1.856882
ABCE1	1.20139828257799	1.468221	3.395161	7.931758	0.0003426097	0.035882652922063	2.566454	1.988865	2.044708	7.506844	5.682739	6.907622
GPRC5B	1.20049	1.468207	1.664854	7.162229	0.0005726322	0.041219909883943	0	0.270553	0.262133	2.412876	2.424201	1.887767
CDC25C	1.198025	1.463878	2.355164	-6.508716	0.0009196904	0.043758617813313	3.409455	2.718364	6.441421	1.348147	1.197897	0.880325
NIP7	1.196123	1.463235	8.441492	-6.467237	0.0009489884	0.043758617813313	95.618072	77.520971	111.272718	46.880842	47.14147	36.107891
TGIF1	1.192947	1.457939	4.863233	6.071052	0.001291154	0.046906940748879	5.381516	5.813544	5.713178	16.883539	14.652605	11.436522
EARS2	1.169366	1.456962	4.28582	11.61079	4.76E-05	0.029855319884355	5.476307	5.463217	5.424456	11.742521	11.755554	16.729147
JUNB	1.167049	1.45535	7.482511	5.811474	0.00159344	0.04969240732851	27.558868	29.213438	14.637952	62.000587	50.888866	57.483723
RNASEH2B	1.166988	1.455169	2.363622	6.748579	0.0007695395	0.042105618680031	0.876014	1.031275	0.883701	3.239203	4.627042	3.571757
SGCG	1.158082	1.444628	3.754781	-10.13136	9.73E-05	0.03052456284962	9.274003	8.594606	12.315997	3.564803	3.824144	4.685869
TFB2M	1.154746	1.440475	7.622128	6.481969	0.0009384599	0.043758617813313	19.792574	21.144383	17.48514	53.886805	62.287275	36.443619
ATP8B2	1.14749002126982	1.43712113244413	5.55352959026377	-10.8217418246445	6.89E-05	0.03052456284962	22.862907	19.456414	33.923611	10.374452	9.05592	10.999339
SEC11A	1.147477	1.436679	6.99776	11.06132	6.14E-05	0.029855319884355	19.171928	20.172005	18.63788	44.009966	40.011796	53.093199
CCDC77	1.14166	1.431977	8.712795	6.34651	0.001040646	0.044790558836707	42.827224	46.896463	23.235659	114.000767	114.044733	68.57517
HADH	1.134935	1.428514	2.406023	-5.892854	0.001490602	0.048283201187385	5.703416	3.727425	4.064705	1.367086	1.648273	1.317232
TIMM10	1.133867	1.42771608199394	2.82703809997229	7.50156040404913	0.000454064580179	0.038164624573372	1.605565	1.293283	0.984167	4.995057	3.607271	5.404874
OSTC	1.125623	1.425929	1.698213	6.436545	0.0009713677	0.043758617813313	0.136943	0.297541	0.569411	2.093717	2.744353	2.652595
CDT1	1.11447	1.417579	4.72325	-13.51184	2.14E-05	0.027801762577787	12.822517	11.293477	15.707733	6.020074	5.719656	4.906039
NOP2	1.108559	1.416239	4.58033	-6.41438	0.0009879118	0.043758617813313	13.941066	15.56353	16.810873	5.415556	7.854231	6.070507
SPATA13	1.091745	1.415319	2.602417	-6.539871	0.0008983751	0.043694963990573	3.874676	4.376203	5.234693	1.26566	2.124323	1.411269
SDAD1	1.090239	1.412582	6.185526	6.840161	0.0007198881	0.041781884731302	15.076347	13.066313	12.820515	32.555553	29.605524	28.317459
COA7	1.088759	1.412066	8.068812	-9.665845	0.00012419	0.03052456284962	80.80659	70.799694	96.076534	39.658943	34.299625	39.165561
GTF3A	1.086013	1.409579	4.477188	7.743179	0.0003869911	0.036252897497301	5.006733	4.476302	5.158303	12.719418	10.324768	14.195562
SLC5A6	1.082654	1.400285	6.029031	-6.313687	0.00106732	0.045195671162748	21.922316	19.360973	43.691116	11.963395	12.130737	10.142296
RCN3	1.080618	1.399609	2.280837	-11.05923	6.15E-05	0.029855319884355	4.150445	3.876056	4.215569	1.310624	1.079773	1.68284
UTP18	1.080365	1.39762617538345	5.51872509907338	-6.08520258730215	0.001276689849107	0.046826518409913	22.895065	18.986321	26.69348	10.927981	10.240693	6.880177
NCS1	1.077351	1.39716188031904	6.58862409181075	-8.33411892787534	0.000266359773341	0.034427766424757	36.269195	31.515069	30.527764	17.23952	14.664971	14.348733
POLG2	1.066136	1.389346	5.247097	8.761467	0.000206202	0.033052105991676	6.609581	7.967197	6.251865	17.438042	15.091506	20.225513
RPL35A	1.058996	1.383064	7.955408	-5.816253	0.001587178	0.04969240732851	69.20415	59.010562	101.901033	36.941123	34.839257	31.254357
NACA	1.053907	1.381115	5.125464	-5.802664	0.001605057	0.04969240732851	14.070043	12.649537	19.474899	6.531258	6.738641	7.652786
GABRR1	1.050048	1.378602	4.502437	7.24681	0.000539997	0.041219909883943	5.556869	5.911381	2.626243	12.428364	11.409734	11.882234
NUDT5	1.050043	1.37405	5.110369	-5.816903	0.001586328	0.04969240732851	20.80377	20.718912	20.532267	9.701933	8.288167	7.486737
DDX31	1.049848	1.36964045497734	2.77531892987816	6.38359203355227	0.001011438980746	0.044187994560198	1.595925	2.022979	0.776783	4.138486	4.313428	5.750103
FAM111A	1.041671	1.368318	1.56222	8.608234	0.0002257336	0.033774051305409	0.508877	0.552426	0	2.312715	2.192364	2.754986
MYO19	1.041559	1.36714772453541	8.7456058100176	-12.2285974392759	3.62E-05	0.029855319884355	105.464229	100.399487	89.645606	52.72154	49.763008	48.858093
WDHD1	1.035362	1.360072	2.657683	5.97124	0.001398759	0.047874753212158	1.494073	1.362464	1.811774	5.297622	3.976867	4.428086
XPO5	1.032159	1.357461	5.666709	9.455859	0.00013916	0.030682826114677	10.902284	10.198689	7.519988	21.358522	19.65836	28.317667
MRPS25	1.029492	1.353934	5.856458	8.115448	0.0003050021	0.035353385579446	11.83005	14.660169	8.486626	23.705526	25.549992	30.451391
CMTM7	1.01707	1.353306	4.790939	5.800797	0.001607533	0.04969240732851	6.573785	7.995822	3.481975	12.824861	14.110953	17.941641
PTCD3	1.016252	1.351554	3.254171	-6.382116	0.001012583	0.044187994560198	8.455854	6.912307	6.826713	2.54266	3.554284	3.214623
CSPG4	0.9997278	1.35039	3.056166	6.106367	0.001255406	0.046646247773891	1.137968	2.049802	0.987112	5.210032	4.972223	3.624737
ZNF74	0.9953811	1.345963	6.101876	5.879434	0.001507018	0.048316838909178	9.370508	12.169357	8.419968	26.521626	26.571314	17.966568
DHX40	0.9840277	1.343094	5.219689	5.800467	0.00160797	0.04969240732851	9.033783	8.528458	4.448112	18.893897	14.251034	19.9831
RASGEF1A	0.9750867	1.34137010414091	6.4366088971115	11.9985495181828	4.01E-05	0.029855319884355	14.843839	14.641288	12.804541	32.22331	29.403423	31.838833
SEPSECS	0.9696824	1.339599	1.846372	7.742152	0.0003872506	0.036252897497301	0.412303	0.311356	0.233524	2.460513	2.732664	1.739638
TSPAN11	0.9694202	1.334286	1.185179	8.235935	0.0002829547	0.034977639226645	0.160302	0.106665	0	1.780217	1.188071	2.71223
PDCD11	0.9660433	1.33067885471145	3.10194771642205	10.2145798842575	9.32E-05	0.03052456284962	1.502652	1.689533	1.220092	5.664961	4.607575	4.029514
TATDN1	0.9542338	1.327976	5.60091	-6.240504	0.001129707	0.046163744142079	25.472172	18.519133	36.377202	10.441729	10.155084	14.254314
TDP1	0.9528194	1.327952	4.754551	9.14261	0.0001656216	0.031348372555249	5.909978	6.770854	4.165108	13.386719	13.10151	14.181419
ACAT1	0.940808758439748	1.327881	6.864875	-5.981604	0.001387115	0.047874753212158	37.413482	32.999038	66.119145	18.664973	21.056913	20.462984
UTP14A	0.9405418	1.327299	5.500589	-7.169005	0.0005699342	0.041219909883943	17.414232	13.803805	24.745983	10.722483	7.533934	6.717132
HMGN4	0.9360773	1.320037	4.533781	-6.060102	0.001302477	0.046906940748879	12.483763	13.011709	11.058368	5.510253	6.475033	4.6802
TTC37	0.9095087	1.31979	11.92641	-7.367117	0.0004972442	0.040105208653364	308.77124	286.772217	156.379272	328.994934	321.297729	152.07663
CTTN	0.9076322	1.318466	1.881381	6.057478	0.001305208	0.046906940748879	0.161989	0.226255	0.537204	2.332023	2.295532	2.090656
RSL24D1	0.8999532	1.317655	3.79616	6.845108	0.0007173141	0.041781884731302	4.230976	2.703835	2.927398	8.203185	8.0043	8.597998
IMPACT	0.899345	1.31475336035309	3.03871110930719	-5.80126020864426	0.001606918037168	0.04969240732851	5.964063	3.265154	5.057572	2.17873	1.700841	2.123295
CPSF3	0.8918052	1.31004530028751	2.70937521329074	-6.66696727878097	0.000817175035568	0.042917388507217	4.391917	3.189153	4.986401	1.502716	1.992473	1.548221
C1orf174	0.888105843875529	1.308595	5.258725	-8.265004	0.0002779184	0.034977639226645	20.876755	17.736158	26.014357	9.527385	9.307508	8.24589
AGAP3	0.887218335981582	1.306789	5.592024	-5.960599	0.001410834	0.047974461023916	26.29245	19.462048	37.734554	10.160021	13.057459	11.329084
CHCHD4	0.8799938	1.305532	4.643539	-7.253399	0.0005375473	0.041219909883943	16.298986	15.688356	15.974113	6.722237	6.115327	8.318284
LDHB	0.8724638	1.29698	1.705462	6.198283	0.001167626	0.046163744142079	0.864443	0.690669	0.249661	2.693133	2.548573	2.68818
RPL21	0.8706339	1.29635832650728	11.9250730467083	-6.2184808757442	0.001149304282132	0.046163744142079	263.546297	254.760003	111.820352	305.351013	256.190581	151.945462
SMAD5	0.8705107	1.294505	5.886664	-7.531443	0.0004450719	0.038164624573372	24.692625	20.205654	27.648468	12.120089	12.634199	8.899946
SLC19A1	0.8597512	1.292946	5.949352	-6.105796	0.001255975	0.046646247773891	27.882508	26.093887	26.416061	13.971393	13.858159	9.554811
POLR1A	0.8579444	1.291453	5.469804	6.429687	0.000976452	0.043758617813313	10.247071	7.394703	7.901939	18.384641	16.085877	25.346534
SDHD	0.8551104	1.289197	5.950317	-7.127641	0.0005866369	0.041219909883943	22.137322	17.763966	32.782607	11.677531	11.069246	11.187033
CSRP2BP	0.853306	1.286987	4.797352	6.519538	0.00091222	0.043758617813313	5.320419	5.75444	6.845805	13.497223	13.680075	13.959861
PDLIM5	0.8501411	1.286885	12.20512	8.654888	0.0002195659	0.033732992697027	194.919556	208.261551	97.151817	919.188904	758.104187	696.556091
NPNT	0.8348494	1.282936	6.98676	-6.419181	0.0009843004	0.043758617813313	40.974831	34.57439	52.258095	19.825043	19.399523	24.664226
CLUH	0.8275051	1.28151361126848	6.41571332397298	-7.17590476258247	0.00056720250686	0.041219909883943	34.092201	27.912155	46.509781	18.529038	15.394936	15.144175
GART	0.8181478	1.280401	6.547975	6.775779	0.0007543875	0.041781884731302	16.189636	16.510443	9.446595	32.751293	27.273518	34.129135
SSR3	0.7994022	1.273242	6.287004	-7.50754	0.0004522481	0.038164624573372	29.756776	26.490483	28.093911	15.490388	14.490776	11.248252
MRPS35	0.7805604	1.271048	4.8099	5.825646	0.001574953	0.04969240732851	5.996752	8.120346	7.15396	15.041859	12.129249	19.256857
TRIAP1	0.7710432	1.26943553080232	6.82820675304778	-6.77141181029337	0.000756796810434	0.041781884731302	34.189438	32.727663	37.302884	18.036868	15.219702	20.954368
ZNF486	0.7709088	1.269196	12.11815	8.393872	0.0002568186	0.034427766424757	209.379522	214.077824	75.589626	893.064234	715.039196	613.2244
SNRPB2	0.7682483	1.268982	5.50411	-7.01588	0.0006347018	0.041219909883943	19.397705	18.202408	21.032393	9.185048	9.00208	10.845554
RGS2	0.7660916	1.267283	6.462667	-7.835329	0.0003645136	0.036252897497301	31.819313	30.202807	52.665192	15.94062	17.144257	19.248226
FAM118A	0.7609773	1.25987	7.449516	-6.187641	0.001177415	0.046163744142079	47.6334	40.133096	77.505233	24.973614	26.419368	26.96502
WDYHV1	0.7426236	1.258923	5.911173	-7.189042	0.0005620434	0.041219909883943	23.063241	17.439025	26.808625	13.11329	11.905913	7.897834
STK32C	0.7304961	1.254545	4.770088	7.761154	0.0003824822	0.036252897497301	5.728467	5.691935	4.84579	12.739226	11.412365	16.033693
FAM210B	0.6925327	1.25425	1.971487	-7.518152	0.0004490456	0.038164624573372	3.506636	2.706417	3.234387	1.118603	0.94427	0.794201
MYRIP	-0.6248709	1.253803	4.367202	-6.195958	0.001169756	0.046163744142079	11.746483	9.933468	15.093465	4.700204	5.49618	6.951404
RAP1GDS1	-0.6547238	1.249885	1.573725	-7.424273	0.0004783255	0.038935198692513	2.048626	1.737172	2.393932	0.539569	0.548849	0
ABCB1	-0.707915136629326	1.249785	1.462759	7.810009	0.000370534	0.036252897497301	0.043467	0.084662	0.073862	1.684777	1.907042	1.408536
ATP6V0A1	-0.714720910135754	1.246855	5.480388	-6.633449	0.0008377283	0.042917388507217	22.100097	20.549568	22.865324	9.048059	9.965511	12.850483
DMRTC1	-0.7266255	1.24207282405559	2.26725371861973	-6.84649607248562	0.00071659400385	0.041781884731302	3.663403	3.193599	5.722006	1.611665	1.325376	1.296119
SPRYD7	-0.7446032	1.24181810401432	4.631817588879	-6.43545816447569	0.000972171409474	0.043758617813313	12.473926	14.79782	11.533866	6.468783	6.64629	5.398502
RARA	-0.777099	1.23509408259088	4.96064006683168	-11.0941147719791	6.05E-05	0.029855319884355	15.450566	13.420828	18.814749	7.181695	6.945868	7.778705
CBWD1	-0.7817739	1.23451360012125	5.46594880688449	7.6942535924157	0.00039958248948	0.036718674335788	8.555742	9.790856	8.532565	20.936211	16.586634	21.126678
CC2D1A	-0.7839282	1.233532	7.707518	7.041326	0.0006233665	0.041219909883943	22.403454	25.046806	21.447113	55.279652	58.144718	44.781105
PNPLA3	-0.7957573	1.230643	5.116632	-7.098646	0.000598686	0.041219909883943	19.105129	17.252529	22.742334	7.90792	10.328068	8.613428
SALL2	-0.8047246	1.22942	2.98204	-7.027151	0.0006296512	0.041219909883943	5.77974	4.243945	6.395784	2.48504	2.50511	1.914008
TXNDC11	-0.8169964	1.228913	7.199308	-7.300871	0.0005202753	0.040867625665526	43.168903	36.274746	55.22736	23.727898	19.821428	25.357569
MACF1	-0.8293025	1.214906	7.075203	-8.785478	0.0002033244	0.033052105991676	47.145412	40.114887	53.59317	23.613325	23.312792	21.761705
TIGD2	-0.8295796	1.214378	4.444282	9.701792	0.0001218211	0.03052456284962	5.08288	5.448458	3.953825	11.725181	10.914493	10.329176
PPM1K	-0.8307725	1.213864	5.872661	6.959386	0.0006607386	0.041219909883943	11.933478	10.078869	10.121958	20.632816	21.940105	28.479028
TESK1	-0.8396606	1.208675	6.962121	7.050741	0.0006192321	0.041219909883943	23.649564	22.667747	17.440332	41.604856	35.114422	55.15329
TRAPPC9	-0.8534744	1.207971	2.417093	7.108466	0.0005945735	0.041219909883943	1.296835	1.135658	1.022925	4.280042	3.331979	3.044119
C18orf8	-0.874260188640677	1.20314	8.415968	11.30268	5.49E-05	0.029855319884355	38.593946	39.833194	30.630475	91.44083	82.32396	69.242543
FAM168A	-0.882317	1.202345	4.008333	-5.918754	0.001459503	0.048270790718077	9.783547	12.810039	10.921227	4.558487	5.551884	5.645062
TMEM127	-0.8831839	1.20139828257799	7.27150315752283	6.17013312664978	0.001193728345821	0.046163744142079	21.375722	20.612673	26.400946	45.673255	42.030596	53.186983
STAM2	-0.8931575	1.200755	5.356992	-7.078379	0.0006072797	0.041219909883943	18.067814	17.57556	26.563313	9.424842	10.931189	8.504496
DENND5B	-0.8975487	1.20049	3.786884	7.740446	0.0003876822	0.036252897497301	4.131217	4.40274	3.595265	7.14542	8.797269	12.516213
STAG1	-0.9013368	1.199013	5.403826	-8.448987	0.0002483713	0.034427766424757	18.813739	16.126438	25.280862	9.173731	9.735357	9.836545
ISLR2	-0.9046913	1.198025	1.616128	6.616103	0.0008486009	0.042917388507217	0.068996	0.176355	0.266109	1.9311	1.942938	1.447867
MFSD6	-0.915387	1.196123	4.543845	5.906669	0.001473919	0.048283201187385	5.674675	4.565938	6.011975	10.953758	12.24917	12.453791
CDH4	-0.9170598	1.192947	3.879216	9.242578	0.0001565814	0.031348372555249	3.632778	3.852206	2.80307	9.017642	7.826288	7.417444
WDR44	-0.9181689	1.175696	5.508684	-6.204349	0.001162087	0.046163744142079	26.722722	23.204801	24.147391	11.843119	11.212562	11.943656
PLEKHA7	-0.929213	1.169366	5.122619	6.791874	0.0007455857	0.041781884731302	9.394652	7.930396	5.66486	16.698874	13.944587	18.870476
ABHD5	-0.92992766736002	1.168021	4.031133	-6.988824	0.0006470192	0.041219909883943	9.147386	9.317916	10.794415	5.28254	4.931997	3.734616
SARAF	-0.9413707	1.167049	4.376413	6.482815	0.0009378597	0.043758617813313	4.504827	5.318995	2.552357	10.409781	9.461876	8.890121
AGPAT3	-0.944187949270058	1.166988	4.933666	7.209779	0.0005540106	0.041219909883943	6.619162	6.773012	4.076373	13.792005	14.106236	11.291269
ZNF34	-0.9476604	1.16021297844853	3.18763177557853	-10.1788330818439	9.49E-05	0.03052456284962	6.371166	6.150953	6.456149	2.928462	2.924328	3.079995
DUSP18	-0.948268	1.158082	1.17644	6.121949	0.001239999	0.046492575808174	0	0.137732	0.348065	1.359254	1.76186	1.629915
KCTD21	-0.9516131	1.154932	3.312478	-6.814856	0.0007332241	0.041781884731302	5.99012	5.51107	5.054738	2.667959	3.117181	2.442225
GBF1	-0.9519715	1.154746	4.952074	8.194828	0.0002902601	0.035076819770218	7.942249	7.405544	5.444554	15.228248	14.474766	13.973375
BBS7	-0.952634665134553	1.14749002126982	3.87352057819437	8.31470279278759	0.000269549030569	0.034427766424757	4.595288	3.726899	3.252019	8.088385	7.648017	10.408678
SIK2	-0.9578164	1.147477	7.367032	7.945653	0.0003395819	0.035882652922063	24.461031	26.624106	20.95838	49.748614	42.44947	55.621377
C6orf62	-0.966568238428329	1.143636	5.174221	-7.883209	0.000353439	0.036136515075844	15.968644	14.582156	18.559119	7.993432	8.372774	8.758668
ANKAR	-0.970435969408253	1.14166	4.456493	6.940007	0.0006699559	0.041219909883943	5.154467	4.868055	4.863959	12.045509	10.558744	9.493805
TLE4	-0.9749298	1.134935	5.156551	5.935488	0.001439809	0.048129771136745	7.880668	8.20016	5.980041	18.542162	13.43786	14.771587
SIPA1L2	-0.9938589	1.133867	5.116451	6.552941	0.0008896047	0.043537976006049	7.25845	8.785953	5.419864	16.964071	14.875867	13.64852
ATP6V1B2	-0.994459647756543	1.131513	5.129589	-10.04818	0.0001015168	0.03052456284962	17.069121	15.413607	18.686656	8.71248	8.932624	7.904132
STXBP5	-0.9992212	1.129632	5.79464	-6.925949	0.000676736	0.041219909883943	28.676783	23.194103	26.052724	12.993264	12.717177	13.590021
SEC62	-1.007441	1.125623	7.118456	5.895457	0.001487442	0.048283201187385	24.146601	24.174284	14.232423	43.385077	38.861355	43.245224
DENND2A	-1.011198	1.12031427727788	6.40809657423953	-7.00863174445551	0.000637974450086	0.041219909883943	33.329137	28.166216	33.180048	17.727211	16.944709	14.493621
FBXL17	-1.011948	1.119237	5.526738	-5.78912	0.001623111	0.049913017713702	22.048124	20.641423	26.179114	11.368207	12.833866	9.247153
SH3BGRL2	-1.013651	1.11447	2.180166	6.911142	0.0006839637	0.041219909883943	0.606589	0.675434	0.544141	2.558087	2.433385	2.510624
MYO5A	-1.02564	1.108559	4.954628	6.659373	0.00082178	0.042917388507217	6.77974	6.276832	6.670534	12.727297	13.682907	16.236153
CACNA1D	-1.03029510818344	1.1085246104749	5.86931155271504	-6.38328126793015	0.001011679759457	0.044187994560198	22.557114	21.4328	28.367561	11.620464	11.816212	15.476779
FBXO16	-1.033466	1.104627	6.612127	-6.631455	0.0008389699	0.042917388507217	42.150236	43.583377	59.741084	21.957772	22.795285	24.206881
LCA5	-1.035039	1.09913834327002	4.61226401397384	-7.07365598999975	0.000609303171543	0.041219909883943	11.987442	11.516247	15.895878	7.233646	6.102573	5.697505
FAM151B	-1.035113	1.091745	4.823156	9.601461	0.0001285694	0.03052456284962	7.20682	7.694466	7.343248	13.668431	13.130631	17.480178
SUCO	-1.035413	1.090239	6.164377	6.301452	0.001077466	0.045413516087335	13.033617	12.611773	16.81241	25.969011	23.942548	29.740518
RNF19B	-1.05165	1.088759	4.16157	9.58632	0.0001296255	0.03052456284962	4.401524	4.606596	3.343677	9.209873	9.212895	8.491327
CREM	-1.061018	1.086412	2.920083	-6.792234	0.0007453902	0.041781884731302	4.785099	4.277262	5.986021	2.116063	2.78186	2.420267
KLF12	-1.062321	1.086135	2.042818	-7.072355	0.0006098617	0.041219909883943	3.39964	2.731681	2.870862	1.068111	1.234453	1.151118
EXT1	-1.078401	1.086013	7.059335	7.123341	0.0005884061	0.041219909883943	20.630833	23.288673	17.806292	40.301994	35.744667	46.154625
FHOD3	-1.080608	1.082654	4.263776	6.470051	0.0009469668	0.043758617813313	5.514961	4.305911	2.740829	10.125529	8.475965	8.866526
LRCH4	-1.080802	1.081942	1.652654	-7.939759	0.0003408625	0.035882652922063	1.806192	1.729955	1.56026	0.659324	0.45174	0.235599
RAB31	-1.080832	1.080832	2.543586	-6.228502	0.001140338	0.046163744142079	3.628704	4.952402	4.306096	1.922703	1.726709	2.416939
MGAT5B	-1.081942	1.080802	3.65127	-7.693901	0.0003996749	0.036718674335788	7.0322	5.861319	9.041271	4.011067	3.677065	3.188679
SYT5	-1.086135	1.080618	1.64663	7.155344	0.0005753885	0.041219909883943	0.634572	0.477484	0.706287	1.618896	2.298247	3.19716
CCDC149	-1.086412	1.080608	6.209484	-6.418719	0.0009846475	0.043758617813313	25.194062	21.1953	32.480675	14.216473	15.555271	11.778027
ABCA5	-1.09913834327002	1.080365	6.134298	6.195686	0.001170005	0.046163744142079	14.190918	14.631244	9.229418	27.064737	24.015408	22.63666
CITED2	-1.104627	1.078401	4.409282	-7.045794	0.0006214003	0.041219909883943	11.380727	12.076269	10.533913	5.907188	5.947355	6.053006
ARL3	-1.1085246104749	1.077351	4.279082	5.91102	0.00146871	0.048270790718077	3.820229	4.755627	3.35583	8.555096	9.30588	9.221745
RASAL2	-1.119237	1.066136	4.134087	6.044866	0.001318426	0.046939197501199	4.554825	4.682745	4.256413	10.065122	7.514051	11.02328
ARHGEF11	-1.12031427727788	1.062321	4.622682	-6.182172	0.001182483	0.046163744142079	11.095131	11.33111	20.080139	6.72683	6.422675	7.533931
LIMA1	-1.129632	1.061018	4.197901	-7.133899	0.0005840737	0.041219909883943	10.108538	7.51384	11.093495	5.577831	4.809308	4.505384
MDM1	-1.131513	1.058996	12.19614	8.777956	0.0002042208	0.033052105991676	218.879669	243.987198	105.499741	929.922913	725.593567	629.175781
KLC2	-1.143636	1.053907	11.48231	9.695212	0.0001222508	0.03052456284962	187.127167	192.302535	92.843694	578.950182	506.23662	441.527289
CCDC9	-1.154932	1.05165	5.115087	-7.975469	0.0003331902	0.035852181965301	15.243315	13.250876	20.5433	8.78117	8.65734	7.319368
AKAP7	-1.16021297844853	1.050048	2.909775	6.16958	0.001194248	0.046163744142079	2.134347	2.728167	3.2353	4.124306	5.751005	6.809465
EML6	-1.168021	1.050043	6.451377	7.519418	0.0004486652	0.038164624573372	16.172661	15.249936	13.442175	26.980415	27.34099	33.156208
ITGA6	-1.175696	1.049848	4.111155	6.251631	0.001119954	0.046163744142079	4.219493	4.240027	4.663381	9.474902	8.038555	9.709141
SLC25A24	-1.199013	1.041671	3.464681	7.435406	0.000474739	0.038844532263931	3.38934	4.157633	3.411237	6.597458	7.372165	7.925729
GDF11	-1.200755	1.041559	4.474427	9.355943	0.0001470217	0.030989359602749	5.111023	5.081671	3.958628	10.589257	9.556306	10.426199
SHISA4	-1.202345	1.035413	7.836551	-5.818016	0.001584874	0.04969240732851	76.001002	66.565401	63.119452	37.819313	35.106144	40.940105
USP32	-1.214906	1.035362	3.348439	8.774861	0.000204591	0.033052105991676	2.416207	2.504927	2.010829	6.120527	5.064253	5.030655
COTL1	-1.228913	1.035113	2.19739	-6.425543	0.0009795389	0.043758617813313	3.39041	2.680209	4.477857	1.31538	1.608615	1.494068
LRRC34	-1.22942	1.035039	5.8278	-6.864209	0.0007074761	0.041781884731302	23.638624	24.829797	37.853921	14.415014	13.104774	15.699287
SHROOM3	-1.230643	1.033466	4.383864	-6.406206	0.0009940951	0.043868633127414	10.248299	10.305578	16.388134	6.270286	5.404444	7.053259
AKNA	-1.23509408259088	1.032159	6.616362	9.068514	0.0001727186	0.03192245921399	16.803566	16.76133	13.775188	31.554062	27.159256	32.090706
C14orf142	-1.24181810401432	1.03029510818344	2.06911604981913	-5.87015762238191	0.001518488070488	0.048581015875297	2.763813	2.540477	4.931242	1.334812	1.233698	1.281562
C8orf48	-1.24207282405559	1.029492	5.688909	6.049308	0.001313753	0.046906940748879	11.864965	10.30427	12.3207	22.183624	19.50456	20.984955
TMEM138	-1.246855	1.02564	5.377044	-6.79311	0.0007449146	0.041781884731302	20.243002	17.959648	25.101131	10.099669	11.885859	10.337323
DQX1	-1.249885	1.01707	1.343343	6.000989	0.001365635	0.047464870984486	0.525426	0.577911	0	1.487668	1.481008	2.655712
LNX2	-1.253803	1.016252	6.006601	6.571872	0.000877078	0.043329857939755	13.530949	13.107894	11.089324	26.129101	21.065161	22.657621
LRRC46	-1.25425	1.013651	4.835209	-6.359876	0.001030007	0.044700018343856	14.475063	15.211197	17.038368	8.232296	6.880724	9.895147
CHGA	-1.258923	1.011948	4.302007	-6.489177	0.0009333582	0.043758617813313	10.545501	9.656188	12.749792	5.513692	6.589478	5.182313
WASF3	-1.25987	1.011198	4.841056	-6.605906	0.0008550695	0.042917388507217	14.03486	12.341014	14.626238	8.273663	7.394947	5.961234
NCOA1	-1.267283	1.007441	7.099571	-8.065752	0.0003146776	0.035353385579446	42.059162	38.960926	57.483883	23.840809	23.002634	30.093233
SORT1	-1.268982	0.9997278	1.452192	7.149085	0.0005779078	0.041219909883943	0.149069	0.125988	0.28744	1.308243	1.497509	1.642911
ARHGAP32	-1.26943553080232	0.9992212	4.595414	-9.158996	0.0001640986	0.031348372555249	12.573106	11.286079	14.311624	6.551581	6.643659	7.274586
DHDDS	-1.273242	0.9953811	3.940879	5.897265	0.001485251	0.048283201187385	3.759147	3.972349	4.269934	8.564407	7.26328	8.556241
ADGRV1	-1.28151361126848	0.994459647756543	7.75629527443454	-5.97371167211933	0.001395972085433	0.047874753212158	54.450935	49.509232	56.360443	37.523758	32.208942	24.96327
SYNE2	-1.282936	0.9938589	4.654055	-6.416152	0.0009865773	0.043758617813313	12.683105	12.160499	13.137401	6.422176	7.633268	6.916436
DNM1	-1.289197	0.9840277	6.987071	7.343029	0.000505478	0.040105208653364	21.83312	22.305176	17.650759	40.661627	32.560284	41.256382
TMEM50B	-1.292946	0.9750867	1.140726	8.371672	0.000260316	0.034427766424757	0.181742	0.176391	0.239615	1.127514	1.210225	2.095052
RNF157	-1.294505	0.9749298	3.691283	-7.633097	0.0004160016	0.037318058282699	6.826192	6.091191	6.799809	3.793329	3.716668	3.711503
ATP5A1	-1.29635832650728	0.970435969408253	3.00775949444587	-8.43003517197013	0.000251238742915	0.034427766424757	4.328762	3.947266	5.503217	2.606353	2.374413	2.275558
SNTB2	-1.305532	0.9696824	3.157552	6.297509	0.001080759	0.045413516087335	2.629546	2.794388	2.278109	5.834985	5.139759	4.996185
PARD6B	-1.306789	0.9694202	2.556477	7.712671	0.0003947873	0.03669886234093	1.403329	1.659463	1.231202	3.449173	3.668817	3.529879
PLEKHH1	-1.308595	0.966568238428329	8.31914184504636	-6.60988738469549	0.000852537140709	0.042917388507217	78.386635	78.39325	69.202461	48.055183	47.491112	43.060368
CABLES1	-1.31004530028751	0.9660433	5.582842	6.037743	0.001325959	0.047022145344985	10.067785	10.720111	8.153616	19.991934	18.086712	15.856882
C1QL3	-1.31475336035309	0.9578164	5.74631	-7.203194	0.0005565468	0.041219909883943	22.218246	19.207512	31.551615	12.406677	12.895862	13.736528
TMSB4X	-1.31979	0.9542338	6.270896	6.797624	0.00074247	0.041781884731302	15.877413	14.583816	14.913282	25.762954	22.760229	33.553236
REEP1	-1.320037	0.9528194	3.853266	7.859664	0.0003588349	0.036136515075844	4.016848	3.53035	2.75716	8.080941	6.72847	6.457146
DOCK9	-1.327299	0.952634665134553	6.36587112925521	-6.96222557472263	0.000659400662692	0.041219909883943	29.147552	27.571625	38.723929	17.238872	18.472798	16.858276
PRKACB	-1.327881	0.9519715	6.026477	-5.954141	0.001418221	0.04801778907615	26.149683	23.514178	24.199334	15.495045	13.928195	12.841987
CEP112	-1.327976	0.9516131	2.673233	-6.509937	0.0009188435	0.043758617813313	3.854302	3.52709	4.538679	1.808161	2.014838	2.652359
LRRC48	-1.351554	0.948268	2.829247	-5.992997	0.001374444	0.047659052031271	5.262312	4.347314	4.557672	2.730151	2.548372	2.212168
ADIPOR1	-1.36714772453541	0.9476604	3.887385	-6.086117	0.001275762	0.046826518409913	9.16087	6.958961	9.953372	4.381193	4.992205	4.851718
SLC17A5	-1.37405	0.944187949270058	5.73199004285524	-6.03187253109377	0.001332205317978	0.047137264741959	22.528222	19.565659	20.470064	12.431373	12.831846	10.828563
PBX3	-1.381115	0.9413707	9.179526	-8.024314	0.0003230208	0.035634832520778	125.181524	114.185384	94.203989	74.341394	75.142251	67.698766
NDRG3	-1.383064	0.940808758439748	6.98621630293107	6.70053246913721	0.000797179068845	0.042742945977986	20.135975	21.837076	19.204456	38.203907	31.898228	40.646229
APLP1	-1.39716188031904	0.9405418	5.399413	5.912746	0.00146665	0.048270790718077	8.531426	8.165102	9.324348	17.169088	16.211823	14.283204
ARID3B	-1.39762617538345	0.9360773	6.639646	8.080207	0.0003118267	0.035353385579446	16.842289	17.350298	16.455866	32.166569	27.902361	30.398327
PIPOX	-1.399609	0.92992766736002	3.85643359525797	-7.48413467324703	0.000459406591235	0.038164624573372	7.672525	7.26246	9.879851	4.697349	4.693685	4.214131
ELOVL2	-1.400285	0.929213	4.477956	-6.788072	0.000747654	0.041781884731302	11.082766	9.814392	15.459333	6.266357	6.430746	7.292618
SETD3	-1.412066	0.9181689	6.06368	-6.639062	0.000834245	0.042917388507217	24.807463	23.145127	34.943245	14.353313	15.975555	16.613026
TMEM53	-1.415319	0.9170598	1.731863	-5.881197	0.00150485	0.048316838909178	1.812529	2.382779	3.086151	0.73288	0.991194	1.025322
PRSS23	-1.416239	0.915387	3.024251	-6.512304	0.0009172053	0.043758617813313	4.457721	4.819123	6.666481	2.759093	2.603506	3.348212
GABRB3	-1.417579	0.9095087	7.033485	6.239725	0.001130394	0.046163744142079	22.08997	22.735601	25.028082	42.043095	34.119114	42.328503
CCDC173	-1.428514	0.9076322	6.341015	7.236432	0.0005438823	0.041219909883943	18.46094	16.235796	14.231385	27.040845	27.51554	29.499611
CACNB2	-1.43712113244413	0.9046913	1.20335	-6.042775	0.001320632	0.046939197501199	1.118638	1.542722	2.09568	0.374051	0.333704	0.236191
CCDC176	-1.444628	0.9013368	5.556437	-6.063044	0.001299423	0.046906940748879	18.42289	18.665094	20.919094	12.914607	11.41493	9.248937
TPD52	-1.463235	0.8999532	8.499667	7.580606	0.0004307257	0.037802801214097	43.817276	45.170723	39.428593	83.947578	75.326889	78.078148
IQSEC3	-1.463878	0.899345	4.920905	6.02114	0.001343713	0.047217928210369	8.112992	7.782951	7.274721	14.822463	11.82413	14.866621
ANK1	-1.47390268022114	0.8975487	5.334624	-6.810499	0.0007355489	0.041781884731302	16.442019	14.052997	21.659424	9.832152	9.933389	9.917668
DCBLD2	-1.495107	0.8931575	4.84901	-6.923269	0.0006780374	0.041219909883943	14.44902	12.552656	18.701891	7.749003	8.19064	9.829298
TLX2	-1.495892	0.8918052	6.674589	7.076794	0.0006079581	0.041219909883943	16.985224	17.759125	16.071733	32.148937	29.670448	27.188299
SLC16A6	-1.496381	0.888105843875529	4.41473707928432	6.01300037236671	0.001352518631105	0.047217928210369	5.695526	5.430326	5.79371	10.438151	8.918999	11.827698
NAGK	-1.497439	0.887218335981582	4.58926669333125	8.49386929930044	0.000241732146158	0.034427766424757	6.218722	5.564817	4.367124	10.940305	10.090462	9.762768
PODXL	-1.50048	0.8831839	4.829678	-6.567328	0.000880066	0.043341179793191	12.624011	11.874664	16.178707	7.229749	8.219131	8.138864
PPIP5K1	-1.504982	0.882317	6.862708	-6.212488	0.001154705	0.046163744142079	34.050873	34.755102	44.724959	24.165994	22.435094	20.447844
TPRG1L	-1.509949	0.8799938	3.678465	5.809693	0.00159578	0.04969240732851	3.976374	3.740845	2.230124	6.756223	6.158046	6.671036
SPTBN1	-1.527854	0.874260188640677	5.06299562304678	-6.29356504354102	0.001084065405885	0.045413516087335	14.952883	13.783942	12.481722	9.285325	8.416894	7.218994
CITED1	-1.545532	0.8724638	11.14744	6.153732	0.001209249	0.046227360126306	152.278874	160.731765	69.323899	392.027886	368.804976	256.608568
PSIP1	-1.550176	0.8706339	11.40891	7.066525	0.0006123732	0.041219909883943	183.322038	185.414689	76.529222	494.233406	419.058304	357.552422
CORO2B	-1.556438	0.8705107	6.170314	6.41318	0.0009888166	0.043758617813313	15.534163	14.347782	15.919522	24.412305	21.927642	31.616663
ADD1	-1.57028682335979	0.8597512	2.763924	6.020565	0.001344334	0.047217928210369	1.650479	1.855362	1.242579	4.235347	3.17667	3.455512
KIF21B	-1.607556	0.8579444	5.163276	6.066041	0.001296322	0.046906940748879	8.04213	7.633271	8.521847	14.810767	12.705297	15.882977
IQSEC1	-1.610577	0.8551104	6.483204	6.385191	0.001010201	0.044187994560198	18.794714	16.707781	15.119594	30.568702	24.711817	29.682096
MOK	-1.633644	0.8534744	3.656362	-5.831911	0.001566861	0.04969240732851	6.994769	5.699584	8.019528	4.497368	3.63745	3.914086
ABHD3	-1.66245211594016	0.853306	4.960429	6.449014	0.0009622023	0.043758617813313	7.794349	7.723299	7.389652	14.43125	12.46459	13.051101
TLCD2	-1.684893	0.8501411	6.324001	6.443395	0.0009663199	0.043758617813313	17.27723	18.669918	18.767577	28.707466	25.239954	34.578457
IGSF11	-1.692487	0.8396606	3.534659	-7.031582	0.0006276789	0.041219909883943	6.503332	5.485317	5.985634	3.739135	3.53536	3.747608
DCUN1D3	-1.706609	0.8348494	0.9658245	6.114221	0.001247613	0.046555802059584	0.230341	0	0.116733	0.734591	0.895451	1.761305
JADE2	-1.721271	0.8307725	2.611748	-6.165432	0.001198153	0.046163744142079	3.952522	3.476227	4.401751	1.956242	2.120185	2.855019
GRAMD3	-1.724821	0.8295796	5.847407	-6.35115	0.001036938	0.04475357975564	20.083626	21.77914	24.480614	13.909663	13.053245	13.180419
PKM	-1.771451	0.8293025	7.681206	-6.147822	0.0012149	0.046227360126306	48.591499	44.211735	59.930931	34.554028	30.469028	33.403526
GNB1	-1.776433	0.8275051	4.417993	6.164635	0.001198906	0.046163744142079	6.016588	5.192602	3.863199	10.267224	8.390742	9.541342
SHROOM2	-1.784019	0.8181478	6.964867	6.318608	0.001063271	0.045195671162748	21.403668	21.920147	16.436184	34.258527	32.627263	34.901461
CPT1A	-1.815608	0.8169964	4.880834	-5.96708	0.001403466	0.047931415734601	12.777569	11.587208	16.133237	7.543635	8.283045	8.801152
HMGN1	-1.82334	0.8047246	6.115948	-5.927734	0.001448897	0.04822493362132	24.0076	21.046492	28.685343	16.122171	15.537976	13.541675
NEK10	-1.823604	0.7994022	7.202908	5.898354	0.001483935	0.048283201187385	24.74562	27.321611	24.202564	43.998423	40.412243	38.794801
FAM124A	-1.834596	0.7957573	4.451077	-6.202592	0.001163688	0.046163744142079	9.640768	9.434861	12.22822	6.316218	6.792984	6.090858
SEZ6	-1.869959	0.7839282	4.311783	-5.949171	0.001423936	0.048037099724981	9.536788	8.32918	10.237939	5.609938	6.050205	6.09953
CNKSR2	-1.899473	0.7817739	6.49508	-6.664808	0.0008184812	0.042917388507217	27.13459	25.403502	31.402212	18.031734	18.204428	18.237314
LRIT2	-1.906748	0.7805604	6.523077	5.935402	0.00143991	0.048129771136745	17.63937	17.136919	18.769688	27.925912	25.976269	32.47501
EOGT	-1.932874	0.777099	4.272842	-6.95165	0.0006644001	0.041219909883943	8.376325	8.69987	10.205467	5.750863	5.624843	5.793308
XYLT1	-1.943597	0.7710432	5.49528	6.452221	0.0009598616	0.043758617813313	10.556574	10.021225	8.21126	17.259094	14.639974	17.279531
PCBP3	-1.948584	0.7709088	2.506619	6.007994	0.001357968	0.047303043998982	1.740986	1.321159	1.782293	3.12218	2.884193	3.824553
PHOSPHO1	-1.99868	0.7682483	6.433395	6.69113	0.0008027224	0.042886292478537	17.105675	15.419773	15.085047	26.770221	26.001023	24.608169
COBLL1	-2.022263	0.7660916	4.661786	6.815383	0.0007329435	0.041781884731302	7.881601	8.352217	8.345674	11.503416	12.351048	14.676684
SLC17A7	-2.024299	0.7609773	4.79658	6.232164	0.001137083	0.046163744142079	8.069349	8.274372	6.628717	12.578691	11.330294	14.149102
FSBP	-2.068058	0.7446032	3.474179	-5.944264	0.001429606	0.048092300882295	5.901238	5.665482	5.486817	3.81563	3.794006	3.348558
FAM161A	-2.169435	0.7426236	3.879257	6.015272	0.001350055	0.047217928210369	4.488377	4.386825	3.16543	6.888479	6.814745	7.567338
F2RL2	-2.197472	0.7304961	2.226887	6.049595	0.001313451	0.046906940748879	1.142348	1.253182	1.254484	2.626595	2.592578	2.711775
TMEM108	-2.273907	0.7266255	1.1218	-6.824609	0.0007280504	0.041781884731302	1.162126	1.037104	1.696212	0.295654	0.377113	0.306428
PACSIN1	-2.360542	0.714720910135754	6.57897440877091	-6.36635657254453	0.00102489413884	0.044601348812141	29.153655	26.560158	38.4169	20.266896	19.288883	21.591472
FAM57B	-2.441383	0.707915136629326	0.962628835806102	-5.95711401106141	0.001414814489121	0.048005908475362	0.862023	0.9179	1.371777	0.154735	0.306545	0.172778
CDHR1	-2.703553	0.6925327	6.261496	6.893668	0.0006926098	0.041530152786432	17.339441	16.562531	16.274416	25.018892	23.563541	27.472303
GNB3	-3.361742	0.6547238	6.382994	-5.964007	0.001406954	0.047946292652009	26.463498	23.145808	29.477076	19.240838	17.297752	17.70556
RCVRN	-3.480549	0.6248709	1.422213	-6.122637	0.001239324	0.046492575808174	1.493534	1.476866	2.056426	0.585511	0.679672	0.986298

